episode,last reward,average reward,step0,step1,step2,step3,step10,qmodel,qemodel
episode,last reward,average reward,step0,step1,step2,step3,step10,qmodel,qemodel
-8.733180858106111,-8.843519268710544,-8.924941315028171,-9.77036905375915,-8.44754467610099,-3.6211117531207555,-14.863427997869735,
5,-104.47006056882302,-109.30613585017537,-10.081486350727397,-10.05873034316666,-10.087676158259873,-10.733109852291534,-8.35841274399278,-4.303776394632834,-3.744959251082543,
10,-109.09988186550986,-97.79697200391904,-9.85674028739104,-10.06248068386441,-10.223343905989022,-10.913191261028834,-9.57821681602695,-2.41601324629868,-7.088917842075042,
15,-108.81343350455438,-88.51061483209439,-9.937939630810861,-10.116901022509913,-10.226454278318327,-10.816409749507974,-10.176679499990701,-4.013372911259352,-2.740254684351113,
20,-77.83658897825707,-80.16186865173113,