episode,last reward,average reward,step0,step1,step2,step3
-5.839157127163707,-7.985663931913374,-7.799259259528645,-7.665785570479755,
5,-108.08608409580224,-109.39501880733712,